<?xml version="1.0"?>
<info xmlns:xsi= "http://www.w3.org/2001/XMLSchema-instance"
	  xsi:noNamespaceSchemaLocation="https://apps.nextcloud.com/schema/apps/info.xsd">
	<id>cloud_federation_api</id>
	<name>Cloud Federation API</name>
	<summary>Enable clouds to communicate with each other and exchange data</summary>
	<description>The Cloud Federation API enables various Nextcloud instances to communicate with each other and to exchange data.</description>
	<version>1.10.0</version>
	<licence>agpl</licence>
	<author>Bjoern Schiessle</author>
	<namespace>CloudFederationAPI</namespace>
	<types>
		<filesystem/>
	</types>
	<category>files</category>
	<bugs>https://github.com/nextcloud/cloud_federation/issues</bugs>
	<dependencies>
		<nextcloud min-version="27" max-version="27"/>
	</dependencies>
</info>
